university_id,university_name,country,location,qs_rank_2027,official_domain,ranking_source,source_file
UNI-MASSACHUSETTS-INSTITUTE-OF-TECHNOLOGY-MIT,Massachusetts Institute of Technology (MIT),United States,United States of America,1,,QS World University Rankings 2027,2027_QS_World_University_Rankings_1_3__For_qs_com_.xlsx
UNI-STANFORD-UNIVERSITY,Stanford University,United States,United States of America,2,,QS World University Rankings 2027,2027_QS_World_University_Rankings_1_3__For_qs_com_.xlsx
UNI-HARVARD-UNIVERSITY,Harvard University,United States,United States of America,5,,QS World University Rankings 2027,2027_QS_World_University_Rankings_1_3__For_qs_com_.xlsx
UNI-CALIFORNIA-INSTITUTE-OF-TECHNOLOGY-CALTECH,California Institute of Technology (Caltech),United States,United States of America,7,,QS World University Rankings 2027,2027_QS_World_University_Rankings_1_3__For_qs_com_.xlsx
UNI-UNIVERSITY-OF-PENNSYLVANIA,University of Pennsylvania,United States,United States of America,15,,QS World University Rankings 2027,2027_QS_World_University_Rankings_1_3__For_qs_com_.xlsx
UNI-CORNELL-UNIVERSITY,Cornell University,United States,United States of America,16,,QS World University Rankings 2027,2027_QS_World_University_Rankings_1_3__For_qs_com_.xlsx
UNI-YALE-UNIVERSITY,Yale University,United States,United States of America,16,,QS World University Rankings 2027,2027_QS_World_University_Rankings_1_3__For_qs_com_.xlsx
UNI-JOHNS-HOPKINS-UNIVERSITY,Johns Hopkins University,United States,United States of America,20,,QS World University Rankings 2027,2027_QS_World_University_Rankings_1_3__For_qs_com_.xlsx
UNI-UNIVERSITY-OF-CALIFORNIA-BERKELEY-UCB,"University of California, Berkeley (UCB)",United States,United States of America,20,,QS World University Rankings 2027,2027_QS_World_University_Rankings_1_3__For_qs_com_.xlsx
UNI-UNIVERSITY-OF-CHICAGO,University of Chicago,United States,United States of America,24,,QS World University Rankings 2027,2027_QS_World_University_Rankings_1_3__For_qs_com_.xlsx
UNI-PRINCETON-UNIVERSITY,Princeton University,United States,United States of America,27,,QS World University Rankings 2027,2027_QS_World_University_Rankings_1_3__For_qs_com_.xlsx
UNI-COLUMBIA-UNIVERSITY,Columbia University,United States,United States of America,43,,QS World University Rankings 2027,2027_QS_World_University_Rankings_1_3__For_qs_com_.xlsx
UNI-NORTHWESTERN-UNIVERSITY,Northwestern University,United States,United States of America,45,,QS World University Rankings 2027,2027_QS_World_University_Rankings_1_3__For_qs_com_.xlsx
UNI-UNIVERSITY-OF-CALIFORNIA-LOS-ANGELES-UCLA,"University of California, Los Angeles (UCLA)",United States,United States of America,49,,QS World University Rankings 2027,2027_QS_World_University_Rankings_1_3__For_qs_com_.xlsx
UNI-UNIVERSITY-OF-MICHIGAN-ANN-ARBOR,University of Michigan-Ann Arbor,United States,United States of America,51,,QS World University Rankings 2027,2027_QS_World_University_Rankings_1_3__For_qs_com_.xlsx
UNI-CARNEGIE-MELLON-UNIVERSITY,Carnegie Mellon University,United States,United States of America,55,,QS World University Rankings 2027,2027_QS_World_University_Rankings_1_3__For_qs_com_.xlsx
UNI-NEW-YORK-UNIVERSITY-NYU,New York University (NYU),United States,United States of America,58,,QS World University Rankings 2027,2027_QS_World_University_Rankings_1_3__For_qs_com_.xlsx
UNI-BROWN-UNIVERSITY,Brown University,United States,United States of America,66,,QS World University Rankings 2027,2027_QS_World_University_Rankings_1_3__For_qs_com_.xlsx
UNI-DUKE-UNIVERSITY,Duke University,United States,United States of America,70,,QS World University Rankings 2027,2027_QS_World_University_Rankings_1_3__For_qs_com_.xlsx
UNI-UNIVERSITY-OF-TEXAS-AT-AUSTIN,University of Texas at Austin,United States,United States of America,72,,QS World University Rankings 2027,2027_QS_World_University_Rankings_1_3__For_qs_com_.xlsx
UNI-UNIVERSITY-OF-ILLINOIS-URBANA-CHAMPAIGN,University of Illinois Urbana-Champaign,United States,United States of America,74,,QS World University Rankings 2027,2027_QS_World_University_Rankings_1_3__For_qs_com_.xlsx
UNI-UNIVERSITY-OF-CALIFORNIA-SAN-DIEGO-UCSD,"University of California, San Diego (UCSD)",United States,United States of America,81,,QS World University Rankings 2027,2027_QS_World_University_Rankings_1_3__For_qs_com_.xlsx
UNI-PENNSYLVANIA-STATE-UNIVERSITY,Pennsylvania State University,United States,United States of America,92,,QS World University Rankings 2027,2027_QS_World_University_Rankings_1_3__For_qs_com_.xlsx
UNI-UNIVERSITY-OF-WASHINGTON,University of Washington,United States,United States of America,92,,QS World University Rankings 2027,2027_QS_World_University_Rankings_1_3__For_qs_com_.xlsx
UNI-BOSTON-UNIVERSITY,Boston University,United States,United States of America,94,,QS World University Rankings 2027,2027_QS_World_University_Rankings_1_3__For_qs_com_.xlsx
UNI-PURDUE-UNIVERSITY,Purdue University,United States,United States of America,100,,QS World University Rankings 2027,2027_QS_World_University_Rankings_1_3__For_qs_com_.xlsx
UNI-RICE-UNIVERSITY,Rice University,United States,United States of America,122,,QS World University Rankings 2027,2027_QS_World_University_Rankings_1_3__For_qs_com_.xlsx
UNI-UNIVERSITY-OF-WISCONSIN-MADISON,University of Wisconsin-Madison,United States,United States of America,131,,QS World University Rankings 2027,2027_QS_World_University_Rankings_1_3__For_qs_com_.xlsx
UNI-UNIVERSITY-OF-CALIFORNIA-DAVIS,"University of California, Davis",United States,United States of America,137,,QS World University Rankings 2027,2027_QS_World_University_Rankings_1_3__For_qs_com_.xlsx
UNI-GEORGIA-INSTITUTE-OF-TECHNOLOGY,Georgia Institute of Technology,United States,United States of America,142,,QS World University Rankings 2027,2027_QS_World_University_Rankings_1_3__For_qs_com_.xlsx
UNI-UNIVERSITY-OF-SOUTHERN-CALIFORNIA,University of Southern California,United States,United States of America,153,,QS World University Rankings 2027,2027_QS_World_University_Rankings_1_3__For_qs_com_.xlsx
UNI-UNIVERSITY-OF-NORTH-CAROLINA-AT-CHAPEL-HILL,University of North Carolina at Chapel Hill,United States,United States of America,158,,QS World University Rankings 2027,2027_QS_World_University_Rankings_1_3__For_qs_com_.xlsx
UNI-WASHINGTON-UNIVERSITY-IN-ST-LOUIS,Washington University in St. Louis,United States,United States of America,162,,QS World University Rankings 2027,2027_QS_World_University_Rankings_1_3__For_qs_com_.xlsx
UNI-TEXAS-A-M-UNIVERSITY,Texas A&M University,United States,United States of America,169,,QS World University Rankings 2027,2027_QS_World_University_Rankings_1_3__For_qs_com_.xlsx
UNI-ARIZONA-STATE-UNIVERSITY,Arizona State University,United States,United States of America,172,,QS World University Rankings 2027,2027_QS_World_University_Rankings_1_3__For_qs_com_.xlsx
UNI-UNIVERSITY-OF-CALIFORNIA-SANTA-BARBARA-UCSB,"University of California, Santa Barbara (UCSB)",United States,United States of America,173,,QS World University Rankings 2027,2027_QS_World_University_Rankings_1_3__For_qs_com_.xlsx
UNI-MICHIGAN-STATE-UNIVERSITY,Michigan State University,United States,United States of America,182,,QS World University Rankings 2027,2027_QS_World_University_Rankings_1_3__For_qs_com_.xlsx
UNI-EMORY-UNIVERSITY,Emory University,United States,United States of America,183,,QS World University Rankings 2027,2027_QS_World_University_Rankings_1_3__For_qs_com_.xlsx
UNI-THE-OHIO-STATE-UNIVERSITY,The Ohio State University,United States,United States of America,201,,QS World University Rankings 2027,2027_QS_World_University_Rankings_1_3__For_qs_com_.xlsx
UNI-UNIVERSITY-OF-FLORIDA,University of Florida,United States,United States of America,228,,QS World University Rankings 2027,2027_QS_World_University_Rankings_1_3__For_qs_com_.xlsx
UNI-UNIVERSITY-OF-ROCHESTER,University of Rochester,United States,United States of America,251,,QS World University Rankings 2027,2027_QS_World_University_Rankings_1_3__For_qs_com_.xlsx
UNI-UNIVERSITY-OF-CALIFORNIA-IRVINE,"University of California, Irvine",United States,United States of America,252,,QS World University Rankings 2027,2027_QS_World_University_Rankings_1_3__For_qs_com_.xlsx
UNI-UNIVERSITY-OF-MARYLAND-COLLEGE-PARK,"University of Maryland, College Park",United States,United States of America,252,,QS World University Rankings 2027,2027_QS_World_University_Rankings_1_3__For_qs_com_.xlsx
UNI-UNIVERSITY-OF-MINNESOTA-SYSTEM,University of Minnesota (System),United States,United States of America,255,,QS World University Rankings 2027,2027_QS_World_University_Rankings_1_3__For_qs_com_.xlsx
UNI-UNIVERSITY-OF-MASSACHUSETTS-AMHERST,University of Massachusetts Amherst,United States,United States of America,260,,QS World University Rankings 2027,2027_QS_World_University_Rankings_1_3__For_qs_com_.xlsx
UNI-VANDERBILT-UNIVERSITY,Vanderbilt University,United States,United States of America,265,,QS World University Rankings 2027,2027_QS_World_University_Rankings_1_3__For_qs_com_.xlsx
UNI-UNIVERSITY-OF-VIRGINIA,University of Virginia,United States,United States of America,268,,QS World University Rankings 2027,2027_QS_World_University_Rankings_1_3__For_qs_com_.xlsx
UNI-DARTMOUTH-COLLEGE,Dartmouth College,United States,United States of America,270,,QS World University Rankings 2027,2027_QS_World_University_Rankings_1_3__For_qs_com_.xlsx
UNI-UNIVERSITY-OF-PITTSBURGH,University of Pittsburgh,United States,United States of America,279,,QS World University Rankings 2027,2027_QS_World_University_Rankings_1_3__For_qs_com_.xlsx
UNI-GEORGETOWN-UNIVERSITY,Georgetown University,United States,United States of America,289,,QS World University Rankings 2027,2027_QS_World_University_Rankings_1_3__For_qs_com_.xlsx
UNI-UNIVERSITY-OF-NOTRE-DAME,University of Notre Dame,United States,United States of America,300,,QS World University Rankings 2027,2027_QS_World_University_Rankings_1_3__For_qs_com_.xlsx
UNI-THE-UNIVERSITY-OF-ARIZONA,The University of Arizona,United States,United States of America,313,,QS World University Rankings 2027,2027_QS_World_University_Rankings_1_3__For_qs_com_.xlsx
UNI-RUTGERS-UNIVERSITY-NEW-BRUNSWICK,Rutgers University–New Brunswick,United States,United States of America,314,,QS World University Rankings 2027,2027_QS_World_University_Rankings_1_3__For_qs_com_.xlsx
UNI-NORTH-CAROLINA-STATE-UNIVERSITY,North Carolina State University,United States,United States of America,320,,QS World University Rankings 2027,2027_QS_World_University_Rankings_1_3__For_qs_com_.xlsx
UNI-UNIVERSITY-OF-COLORADO-BOULDER,University of Colorado Boulder,United States,United States of America,320,,QS World University Rankings 2027,2027_QS_World_University_Rankings_1_3__For_qs_com_.xlsx
UNI-CASE-WESTERN-RESERVE-UNIVERSITY,Case Western Reserve University,United States,United States of America,326,,QS World University Rankings 2027,2027_QS_World_University_Rankings_1_3__For_qs_com_.xlsx
UNI-TUFTS-UNIVERSITY,Tufts University,United States,United States of America,338,,QS World University Rankings 2027,2027_QS_World_University_Rankings_1_3__For_qs_com_.xlsx
UNI-UNIVERSITY-OF-MIAMI,University of Miami,United States,United States of America,338,,QS World University Rankings 2027,2027_QS_World_University_Rankings_1_3__For_qs_com_.xlsx
UNI-INDIANA-UNIVERSITY-BLOOMINGTON,Indiana University Bloomington,United States,United States of America,360,,QS World University Rankings 2027,2027_QS_World_University_Rankings_1_3__For_qs_com_.xlsx
UNI-VIRGINIA-POLYTECHNIC-INSTITUTE-AND-STATE-UNIVERSITY,Virginia Polytechnic Institute and State University,United States,United States of America,366,,QS World University Rankings 2027,2027_QS_World_University_Rankings_1_3__For_qs_com_.xlsx
UNI-UNIVERSITY-OF-ILLINOIS-CHICAGO-UIC,University of Illinois Chicago (UIC),United States,United States of America,370,,QS World University Rankings 2027,2027_QS_World_University_Rankings_1_3__For_qs_com_.xlsx
UNI-GEORGE-WASHINGTON-UNIVERSITY,George Washington University,United States,United States of America,381,,QS World University Rankings 2027,2027_QS_World_University_Rankings_1_3__For_qs_com_.xlsx
UNI-NORTHEASTERN-UNIVERSITY,Northeastern University,United States,United States of America,385,,QS World University Rankings 2027,2027_QS_World_University_Rankings_1_3__For_qs_com_.xlsx
UNI-UNIVERSITY-OF-CALIFORNIA-RIVERSIDE,"University of California, Riverside",United States,United States of America,398,,QS World University Rankings 2027,2027_QS_World_University_Rankings_1_3__For_qs_com_.xlsx
UNI-UNIVERSITY-AT-BUFFALO-SUNY,University at Buffalo SUNY,United States,United States of America,416,,QS World University Rankings 2027,2027_QS_World_University_Rankings_1_3__For_qs_com_.xlsx
UNI-UNIVERSITY-OF-CALIFORNIA-SANTA-CRUZ,"University of California, Santa Cruz",United States,United States of America,458,,QS World University Rankings 2027,2027_QS_World_University_Rankings_1_3__For_qs_com_.xlsx
UNI-UNIVERSITY-OF-CONNECTICUT,University of Connecticut,United States,United States of America,458,,QS World University Rankings 2027,2027_QS_World_University_Rankings_1_3__For_qs_com_.xlsx
UNI-STONY-BROOK-UNIVERSITY-STATE-UNIVERSITY-OF-NEW-YORK,"Stony Brook University, State University of New York",United States,United States of America,468,,QS World University Rankings 2027,2027_QS_World_University_Rankings_1_3__For_qs_com_.xlsx
UNI-WASHINGTON-STATE-UNIVERSITY,Washington State University,United States,United States of America,510,,QS World University Rankings 2027,2027_QS_World_University_Rankings_1_3__For_qs_com_.xlsx
UNI-UNIVERSITY-OF-KANSAS,University of Kansas,United States,United States of America,515,,QS World University Rankings 2027,2027_QS_World_University_Rankings_1_3__For_qs_com_.xlsx
UNI-UNIVERSITY-OF-UTAH,University of Utah,United States,United States of America,533,,QS World University Rankings 2027,2027_QS_World_University_Rankings_1_3__For_qs_com_.xlsx
UNI-THE-UNIVERSITY-OF-GEORGIA,The University of Georgia,United States,United States of America,536,,QS World University Rankings 2027,2027_QS_World_University_Rankings_1_3__For_qs_com_.xlsx
UNI-COLORADO-STATE-UNIVERSITY,Colorado State University,United States,United States of America,540,,QS World University Rankings 2027,2027_QS_World_University_Rankings_1_3__For_qs_com_.xlsx
UNI-IOWA-STATE-UNIVERSITY,Iowa State University,United States,United States of America,540,,QS World University Rankings 2027,2027_QS_World_University_Rankings_1_3__For_qs_com_.xlsx
UNI-FLORIDA-STATE-UNIVERSITY,Florida State University,United States,United States of America,546,,QS World University Rankings 2027,2027_QS_World_University_Rankings_1_3__For_qs_com_.xlsx
UNI-BOSTON-COLLEGE,Boston College,United States,United States of America,549,,QS World University Rankings 2027,2027_QS_World_University_Rankings_1_3__For_qs_com_.xlsx
UNI-UNIVERSITY-OF-HOUSTON,University of Houston,United States,United States of America,551,,QS World University Rankings 2027,2027_QS_World_University_Rankings_1_3__For_qs_com_.xlsx
UNI-COLORADO-SCHOOL-OF-MINES,Colorado School of Mines,United States,United States of America,575,,QS World University Rankings 2027,2027_QS_World_University_Rankings_1_3__For_qs_com_.xlsx
UNI-UNIVERSITY-OF-DELAWARE,University of Delaware,United States,United States of America,575,,QS World University Rankings 2027,2027_QS_World_University_Rankings_1_3__For_qs_com_.xlsx
UNI-RENSSELAER-POLYTECHNIC-INSTITUTE,Rensselaer Polytechnic Institute,United States,United States of America,581,,QS World University Rankings 2027,2027_QS_World_University_Rankings_1_3__For_qs_com_.xlsx
UNI-TULANE-UNIVERSITY,Tulane University,United States,United States of America,597,,QS World University Rankings 2027,2027_QS_World_University_Rankings_1_3__For_qs_com_.xlsx
UNI-UNIVERSITY-OF-IOWA,University of Iowa,United States,United States of America,597,,QS World University Rankings 2027,2027_QS_World_University_Rankings_1_3__For_qs_com_.xlsx
UNI-ILLINOIS-INSTITUTE-OF-TECHNOLOGY,Illinois Institute of Technology,United States,United States of America,620,,QS World University Rankings 2027,2027_QS_World_University_Rankings_1_3__For_qs_com_.xlsx
UNI-UNIVERSITY-OF-HAWAI-I-AT-M-NOA,University of Hawaiʻi at Mānoa,United States,United States of America,643,,QS World University Rankings 2027,2027_QS_World_University_Rankings_1_3__For_qs_com_.xlsx
UNI-AMERICAN-UNIVERSITY,American University,United States,United States of America,646,,QS World University Rankings 2027,2027_QS_World_University_Rankings_1_3__For_qs_com_.xlsx
UNI-FLORIDA-INTERNATIONAL-UNIVERSITY,Florida International University,United States,United States of America,659,,QS World University Rankings 2027,2027_QS_World_University_Rankings_1_3__For_qs_com_.xlsx
UNI-LEHIGH-UNIVERSITY,Lehigh University,United States,United States of America,670,,QS World University Rankings 2027,2027_QS_World_University_Rankings_1_3__For_qs_com_.xlsx
UNI-STEVENS-INSTITUTE-OF-TECHNOLOGY,Stevens Institute of Technology,United States,United States of America,675,,QS World University Rankings 2027,2027_QS_World_University_Rankings_1_3__For_qs_com_.xlsx
UNI-CITY-UNIVERSITY-OF-NEW-YORK,City University of New York,United States,United States of America,677,,QS World University Rankings 2027,2027_QS_World_University_Rankings_1_3__For_qs_com_.xlsx
UNI-UNIVERSITY-OF-TEXAS-AT-DALLAS,University of Texas at Dallas,United States,United States of America,686,,QS World University Rankings 2027,2027_QS_World_University_Rankings_1_3__For_qs_com_.xlsx
UNI-THE-UNIVERSITY-OF-TENNESSEE-KNOXVILLE,"The University of Tennessee, Knoxville",United States,United States of America,701-710,,QS World University Rankings 2027,2027_QS_World_University_Rankings_1_3__For_qs_com_.xlsx
UNI-OREGON-STATE-UNIVERSITY,Oregon State University,United States,United States of America,711-720,,QS World University Rankings 2027,2027_QS_World_University_Rankings_1_3__For_qs_com_.xlsx
UNI-UNIVERSITY-OF-OREGON,University of Oregon,United States,United States of America,711-720,,QS World University Rankings 2027,2027_QS_World_University_Rankings_1_3__For_qs_com_.xlsx
UNI-UNIVERSITY-OF-SOUTH-CAROLINA,University of South Carolina,United States,United States of America,711-720,,QS World University Rankings 2027,2027_QS_World_University_Rankings_1_3__For_qs_com_.xlsx
UNI-UNIVERSITY-OF-MISSOURI-COLUMBIA,"University of Missouri, Columbia",United States,United States of America,721-730,,QS World University Rankings 2027,2027_QS_World_University_Rankings_1_3__For_qs_com_.xlsx
UNI-SYRACUSE-UNIVERSITY,Syracuse University,United States,United States of America,731-740,,QS World University Rankings 2027,2027_QS_World_University_Rankings_1_3__For_qs_com_.xlsx
UNI-UNIVERSITY-OF-CENTRAL-FLORIDA,University of Central Florida,United States,United States of America,731-740,,QS World University Rankings 2027,2027_QS_World_University_Rankings_1_3__For_qs_com_.xlsx
UNI-NEW-JERSEY-INSTITUTE-OF-TECHNOLOGY-NJIT,New Jersey Institute of Technology (NJIT),United States,United States of America,741-750,,QS World University Rankings 2027,2027_QS_World_University_Rankings_1_3__For_qs_com_.xlsx
UNI-UNIVERSITY-OF-CINCINNATI,University of Cincinnati,United States,United States of America,741-750,,QS World University Rankings 2027,2027_QS_World_University_Rankings_1_3__For_qs_com_.xlsx
UNI-BRANDEIS-UNIVERSITY,Brandeis University,United States,United States of America,751-760,,QS World University Rankings 2027,2027_QS_World_University_Rankings_1_3__For_qs_com_.xlsx
UNI-MISSOURI-UNIVERSITY-OF-SCIENCE-AND-TECHNOLOGY,Missouri University of Science and Technology,United States,United States of America,751-760,,QS World University Rankings 2027,2027_QS_World_University_Rankings_1_3__For_qs_com_.xlsx
UNI-TEMPLE-UNIVERSITY,Temple University,United States,United States of America,751-760,,QS World University Rankings 2027,2027_QS_World_University_Rankings_1_3__For_qs_com_.xlsx
UNI-TEXAS-TECH-UNIVERSITY,Texas Tech University,United States,United States of America,761-770,,QS World University Rankings 2027,2027_QS_World_University_Rankings_1_3__For_qs_com_.xlsx
UNI-UNIVERSITY-OF-SOUTH-FLORIDA,University of South Florida,United States,United States of America,761-770,,QS World University Rankings 2027,2027_QS_World_University_Rankings_1_3__For_qs_com_.xlsx
UNI-DREXEL-UNIVERSITY,Drexel University,United States,United States of America,771-780,,QS World University Rankings 2027,2027_QS_World_University_Rankings_1_3__For_qs_com_.xlsx
UNI-UNIVERSITY-OF-NEW-MEXICO,University of New Mexico,United States,United States of America,771-780,,QS World University Rankings 2027,2027_QS_World_University_Rankings_1_3__For_qs_com_.xlsx
UNI-UNIVERSITY-OF-OKLAHOMA,University of Oklahoma,United States,United States of America,771-780,,QS World University Rankings 2027,2027_QS_World_University_Rankings_1_3__For_qs_com_.xlsx
UNI-GEORGIA-STATE-UNIVERSITY,Georgia State University,United States,United States of America,801-850,,QS World University Rankings 2027,2027_QS_World_University_Rankings_1_3__For_qs_com_.xlsx
UNI-RUTGERS-UNIVERSITY-NEWARK,Rutgers University–Newark,United States,United States of America,801-850,,QS World University Rankings 2027,2027_QS_World_University_Rankings_1_3__For_qs_com_.xlsx
UNI-UNIVERSITY-OF-MARYLAND-BALTIMORE,"University of Maryland, Baltimore",United States,United States of America,801-850,,QS World University Rankings 2027,2027_QS_World_University_Rankings_1_3__For_qs_com_.xlsx
UNI-UNIVERSITY-OF-MARYLAND-BALTIMORE-COUNTY,"University of Maryland, Baltimore County",United States,United States of America,801-850,,QS World University Rankings 2027,2027_QS_World_University_Rankings_1_3__For_qs_com_.xlsx
UNI-UNIVERSITY-OF-NEBRASKA-LINCOLN,University of Nebraska - Lincoln,United States,United States of America,801-850,,QS World University Rankings 2027,2027_QS_World_University_Rankings_1_3__For_qs_com_.xlsx
UNI-WAKE-FOREST-UNIVERSITY,Wake Forest University,United States,United States of America,801-850,,QS World University Rankings 2027,2027_QS_World_University_Rankings_1_3__For_qs_com_.xlsx
UNI-WAYNE-STATE-UNIVERSITY,Wayne State University,United States,United States of America,801-850,,QS World University Rankings 2027,2027_QS_World_University_Rankings_1_3__For_qs_com_.xlsx
UNI-AUBURN-UNIVERSITY,Auburn University,United States,United States of America,851-900,,QS World University Rankings 2027,2027_QS_World_University_Rankings_1_3__For_qs_com_.xlsx
UNI-THE-NEW-SCHOOL-NEW-YORK-CITY-AND-PARIS,"The New School, New York City and Paris",United States,United States of America,851-900,,QS World University Rankings 2027,2027_QS_World_University_Rankings_1_3__For_qs_com_.xlsx
UNI-UNIVERSITY-OF-COLORADO-DENVER-ANSCHUTZ-MEDICAL-CAMPUS,University of Colorado Denver | Anschutz Medical Campus,United States,United States of America,851-900,,QS World University Rankings 2027,2027_QS_World_University_Rankings_1_3__For_qs_com_.xlsx
UNI-WILLIAMS-COLLEGE,Williams College,United States,United States of America,851-900,,QS World University Rankings 2027,2027_QS_World_University_Rankings_1_3__For_qs_com_.xlsx
UNI-LOUISIANA-STATE-UNIVERSITY,Louisiana State University,United States,United States of America,901-950,,QS World University Rankings 2027,2027_QS_World_University_Rankings_1_3__For_qs_com_.xlsx
UNI-OKLAHOMA-STATE-UNIVERSITY,Oklahoma State University,United States,United States of America,901-950,,QS World University Rankings 2027,2027_QS_World_University_Rankings_1_3__For_qs_com_.xlsx
UNI-UNIVERSITY-OF-KENTUCKY,University of Kentucky,United States,United States of America,901-950,,QS World University Rankings 2027,2027_QS_World_University_Rankings_1_3__For_qs_com_.xlsx
UNI-WORCESTER-POLYTECHNIC-INSTITUTE,Worcester Polytechnic Institute,United States,United States of America,901-950,,QS World University Rankings 2027,2027_QS_World_University_Rankings_1_3__For_qs_com_.xlsx
UNI-YESHIVA-UNIVERSITY,Yeshiva University,United States,United States of America,901-950,,QS World University Rankings 2027,2027_QS_World_University_Rankings_1_3__For_qs_com_.xlsx
UNI-CLARK-UNIVERSITY,Clark University,United States,United States of America,951-1000,,QS World University Rankings 2027,2027_QS_World_University_Rankings_1_3__For_qs_com_.xlsx
UNI-CLEMSON-UNIVERSITY,Clemson University,United States,United States of America,951-1000,,QS World University Rankings 2027,2027_QS_World_University_Rankings_1_3__For_qs_com_.xlsx
UNI-ROCHESTER-INSTITUTE-OF-TECHNOLOGY-RIT,Rochester Institute of Technology (RIT),United States,United States of America,951-1000,,QS World University Rankings 2027,2027_QS_World_University_Rankings_1_3__For_qs_com_.xlsx
UNI-UNIVERSITY-AT-ALBANY-SUNY,University at Albany SUNY,United States,United States of America,951-1000,,QS World University Rankings 2027,2027_QS_World_University_Rankings_1_3__For_qs_com_.xlsx
UNI-UNIVERSITY-OF-ALABAMA-AT-BIRMINGHAM,University of Alabama at Birmingham,United States,United States of America,951-1000,,QS World University Rankings 2027,2027_QS_World_University_Rankings_1_3__For_qs_com_.xlsx
UNI-UNIVERSITY-OF-ALASKA-FAIRBANKS,University of Alaska Fairbanks,United States,United States of America,951-1000,,QS World University Rankings 2027,2027_QS_World_University_Rankings_1_3__For_qs_com_.xlsx
UNI-VIRGINIA-COMMONWEALTH-UNIVERSITY,Virginia Commonwealth University,United States,United States of America,951-1000,,QS World University Rankings 2027,2027_QS_World_University_Rankings_1_3__For_qs_com_.xlsx
UNI-BINGHAMTON-UNIVERSITY-SUNY,Binghamton University SUNY,United States,United States of America,1001-1200,,QS World University Rankings 2027,2027_QS_World_University_Rankings_1_3__For_qs_com_.xlsx
UNI-CLARKSON-UNIVERSITY,Clarkson University,United States,United States of America,1001-1200,,QS World University Rankings 2027,2027_QS_World_University_Rankings_1_3__For_qs_com_.xlsx
UNI-FORDHAM-UNIVERSITY,Fordham University,United States,United States of America,1001-1200,,QS World University Rankings 2027,2027_QS_World_University_Rankings_1_3__For_qs_com_.xlsx
UNI-GEORGE-MASON-UNIVERSITY,George Mason University,United States,United States of America,1001-1200,,QS World University Rankings 2027,2027_QS_World_University_Rankings_1_3__For_qs_com_.xlsx
UNI-HOWARD-UNIVERSITY,Howard University,United States,United States of America,1001-1200,,QS World University Rankings 2027,2027_QS_World_University_Rankings_1_3__For_qs_com_.xlsx
UNI-KANSAS-STATE-UNIVERSITY,Kansas State University,United States,United States of America,1001-1200,,QS World University Rankings 2027,2027_QS_World_University_Rankings_1_3__For_qs_com_.xlsx
UNI-MICHIGAN-TECHNOLOGICAL-UNIVERSITY,Michigan Technological University,United States,United States of America,1001-1200,,QS World University Rankings 2027,2027_QS_World_University_Rankings_1_3__For_qs_com_.xlsx
UNI-MISSISSIPPI-STATE-UNIVERSITY,Mississippi State University,United States,United States of America,1001-1200,,QS World University Rankings 2027,2027_QS_World_University_Rankings_1_3__For_qs_com_.xlsx
UNI-NORTHERN-ARIZONA-UNIVERSITY,Northern Arizona University,United States,United States of America,1001-1200,,QS World University Rankings 2027,2027_QS_World_University_Rankings_1_3__For_qs_com_.xlsx
UNI-SAINT-LOUIS-UNIVERSITY,Saint Louis University,United States,United States of America,1001-1200,,QS World University Rankings 2027,2027_QS_World_University_Rankings_1_3__For_qs_com_.xlsx
UNI-SOUTHERN-METHODIST-UNIVERSITY,Southern Methodist University,United States,United States of America,1001-1200,,QS World University Rankings 2027,2027_QS_World_University_Rankings_1_3__For_qs_com_.xlsx
UNI-THE-UNIVERSITY-OF-ALABAMA,The University of Alabama,United States,United States of America,1001-1200,,QS World University Rankings 2027,2027_QS_World_University_Rankings_1_3__For_qs_com_.xlsx
UNI-THE-UNIVERSITY-OF-TEXAS-AT-ARLINGTON,The University of Texas at Arlington,United States,United States of America,1001-1200,,QS World University Rankings 2027,2027_QS_World_University_Rankings_1_3__For_qs_com_.xlsx
UNI-THE-UNIVERSITY-OF-TEXAS-AT-SAN-ANTONIO,The University of Texas at San Antonio,United States,United States of America,1001-1200,,QS World University Rankings 2027,2027_QS_World_University_Rankings_1_3__For_qs_com_.xlsx
UNI-UNIVERSITY-OF-DENVER,University of Denver,United States,United States of America,1001-1200,,QS World University Rankings 2027,2027_QS_World_University_Rankings_1_3__For_qs_com_.xlsx
UNI-UNIVERSITY-OF-LOUISVILLE,University of Louisville,United States,United States of America,1001-1200,,QS World University Rankings 2027,2027_QS_World_University_Rankings_1_3__For_qs_com_.xlsx
UNI-UNIVERSITY-OF-MASSACHUSETTS-BOSTON,University of Massachusetts Boston,United States,United States of America,1001-1200,,QS World University Rankings 2027,2027_QS_World_University_Rankings_1_3__For_qs_com_.xlsx
UNI-UNIVERSITY-OF-MISSISSIPPI,University of Mississippi,United States,United States of America,1001-1200,,QS World University Rankings 2027,2027_QS_World_University_Rankings_1_3__For_qs_com_.xlsx
UNI-UNIVERSITY-OF-NEVADA-RENO,University of Nevada - Reno,United States,United States of America,1001-1200,,QS World University Rankings 2027,2027_QS_World_University_Rankings_1_3__For_qs_com_.xlsx
UNI-UNIVERSITY-OF-NORTH-TEXAS,University of North Texas,United States,United States of America,1001-1200,,QS World University Rankings 2027,2027_QS_World_University_Rankings_1_3__For_qs_com_.xlsx
UNI-UNIVERSITY-OF-RHODE-ISLAND,University of Rhode Island,United States,United States of America,1001-1200,,QS World University Rankings 2027,2027_QS_World_University_Rankings_1_3__For_qs_com_.xlsx
UNI-UNIVERSITY-OF-VERMONT,University of Vermont,United States,United States of America,1001-1200,,QS World University Rankings 2027,2027_QS_World_University_Rankings_1_3__For_qs_com_.xlsx
UNI-UNIVERSITY-OF-WYOMING,University of Wyoming,United States,United States of America,1001-1200,,QS World University Rankings 2027,2027_QS_World_University_Rankings_1_3__For_qs_com_.xlsx
UNI-WEST-VIRGINIA-UNIVERSITY,West Virginia University,United States,United States of America,1001-1200,,QS World University Rankings 2027,2027_QS_World_University_Rankings_1_3__For_qs_com_.xlsx
UNI-WILLIAM-MARY,William & Mary,United States,United States of America,1001-1200,,QS World University Rankings 2027,2027_QS_World_University_Rankings_1_3__For_qs_com_.xlsx
UNI-BAYLOR-UNIVERSITY,Baylor University,United States,United States of America,1201-1400,,QS World University Rankings 2027,2027_QS_World_University_Rankings_1_3__For_qs_com_.xlsx
UNI-BRIGHAM-YOUNG-UNIVERSITY,Brigham Young University,United States,United States of America,1201-1400,,QS World University Rankings 2027,2027_QS_World_University_Rankings_1_3__For_qs_com_.xlsx
UNI-FLORIDA-ATLANTIC-UNIVERSITY-BOCA-RATON,Florida Atlantic University - Boca Raton,United States,United States of America,1201-1400,,QS World University Rankings 2027,2027_QS_World_University_Rankings_1_3__For_qs_com_.xlsx
UNI-INDIANA-UNIVERSITY-INDIANAPOLIS-IU-INDIANAPOLIS,Indiana University Indianapolis (IU Indianapolis),United States,United States of America,1201-1400,,QS World University Rankings 2027,2027_QS_World_University_Rankings_1_3__For_qs_com_.xlsx
UNI-KENT-STATE-UNIVERSITY,Kent State University,United States,United States of America,1201-1400,,QS World University Rankings 2027,2027_QS_World_University_Rankings_1_3__For_qs_com_.xlsx
UNI-LOYOLA-UNIVERSITY-CHICAGO,Loyola University Chicago,United States,United States of America,1201-1400,,QS World University Rankings 2027,2027_QS_World_University_Rankings_1_3__For_qs_com_.xlsx
UNI-MIAMI-UNIVERSITY,Miami University,United States,United States of America,1201-1400,,QS World University Rankings 2027,2027_QS_World_University_Rankings_1_3__For_qs_com_.xlsx
UNI-NEW-MEXICO-STATE-UNIVERSITY,New Mexico State University,United States,United States of America,1201-1400,,QS World University Rankings 2027,2027_QS_World_University_Rankings_1_3__For_qs_com_.xlsx
UNI-OHIO-UNIVERSITY,Ohio University,United States,United States of America,1201-1400,,QS World University Rankings 2027,2027_QS_World_University_Rankings_1_3__For_qs_com_.xlsx
UNI-PORTLAND-STATE-UNIVERSITY,Portland State University,United States,United States of America,1201-1400,,QS World University Rankings 2027,2027_QS_World_University_Rankings_1_3__For_qs_com_.xlsx
UNI-SAN-DIEGO-STATE-UNIVERSITY,San Diego State University,United States,United States of America,1201-1400,,QS World University Rankings 2027,2027_QS_World_University_Rankings_1_3__For_qs_com_.xlsx
UNI-SEATTLE-UNIVERSITY,Seattle University,United States,United States of America,1201-1400,,QS World University Rankings 2027,2027_QS_World_University_Rankings_1_3__For_qs_com_.xlsx
UNI-UNIVERSITY-OF-ARKANSAS-FAYETTEVILLE,University of Arkansas Fayetteville,United States,United States of America,1201-1400,,QS World University Rankings 2027,2027_QS_World_University_Rankings_1_3__For_qs_com_.xlsx
UNI-UNIVERSITY-OF-IDAHO,University of Idaho,United States,United States of America,1201-1400,,QS World University Rankings 2027,2027_QS_World_University_Rankings_1_3__For_qs_com_.xlsx
UNI-UNIVERSITY-OF-MEMPHIS,University of Memphis,United States,United States of America,1201-1400,,QS World University Rankings 2027,2027_QS_World_University_Rankings_1_3__For_qs_com_.xlsx
UNI-UNIVERSITY-OF-MISSOURI-KANSAS-CITY,"University of Missouri, Kansas City",United States,United States of America,1201-1400,,QS World University Rankings 2027,2027_QS_World_University_Rankings_1_3__For_qs_com_.xlsx
UNI-UNIVERSITY-OF-NEVADA-LAS-VEGAS,University of Nevada - Las Vegas,United States,United States of America,1201-1400,,QS World University Rankings 2027,2027_QS_World_University_Rankings_1_3__For_qs_com_.xlsx
UNI-UNIVERSITY-OF-NEW-HAMPSHIRE,University of New Hampshire,United States,United States of America,1201-1400,,QS World University Rankings 2027,2027_QS_World_University_Rankings_1_3__For_qs_com_.xlsx
UNI-UNIVERSITY-OF-NORTH-CAROLINA-AT-CHARLOTTE,University of North Carolina at Charlotte,United States,United States of America,1201-1400,,QS World University Rankings 2027,2027_QS_World_University_Rankings_1_3__For_qs_com_.xlsx
UNI-UNIVERSITY-OF-SAN-FRANCISCO,University of San Francisco,United States,United States of America,1201-1400,,QS World University Rankings 2027,2027_QS_World_University_Rankings_1_3__For_qs_com_.xlsx
UNI-UNIVERSITY-OF-TEXAS-EL-PASO,University of Texas El Paso,United States,United States of America,1201-1400,,QS World University Rankings 2027,2027_QS_World_University_Rankings_1_3__For_qs_com_.xlsx
UNI-UNIVERSITY-OF-TOLEDO,University of Toledo,United States,United States of America,1201-1400,,QS World University Rankings 2027,2027_QS_World_University_Rankings_1_3__For_qs_com_.xlsx
UNI-UNIVERSITY-OF-WISCONSIN-MILWAUKEE,University of Wisconsin Milwaukee,United States,United States of America,1201-1400,,QS World University Rankings 2027,2027_QS_World_University_Rankings_1_3__For_qs_com_.xlsx
UNI-UTAH-STATE-UNIVERSITY,Utah State University,United States,United States of America,1201-1400,,QS World University Rankings 2027,2027_QS_World_University_Rankings_1_3__For_qs_com_.xlsx
UNI-WESTERN-MICHIGAN-UNIVERSITY,Western Michigan University,United States,United States of America,1201-1400,,QS World University Rankings 2027,2027_QS_World_University_Rankings_1_3__For_qs_com_.xlsx
UNI-CALIFORNIA-POLYTECHNIC-STATE-UNIVERSITY,California Polytechnic State University,United States,United States of America,1401+,,QS World University Rankings 2027,2027_QS_World_University_Rankings_1_3__For_qs_com_.xlsx
UNI-DEPAUL-UNIVERSITY,DePaul University,United States,United States of America,1401+,,QS World University Rankings 2027,2027_QS_World_University_Rankings_1_3__For_qs_com_.xlsx
UNI-MARQUETTE-UNIVERSITY,Marquette University,United States,United States of America,1401+,,QS World University Rankings 2027,2027_QS_World_University_Rankings_1_3__For_qs_com_.xlsx
UNI-UNIVERSITY-OF-SAN-DIEGO,University of San Diego,United States,United States of America,1401+,,QS World University Rankings 2027,2027_QS_World_University_Rankings_1_3__For_qs_com_.xlsx
